mem,kernel,gdma,min_cyc_per_kb,avg_cyc_per_kb,cpu_mb_s,gdma_mb_s,runs
SRAM,read,idle,64.28,64.32,3821.1,0.0,5797
SRAM,read,sram->sram,64.28,66.63,3688.7,61.6,5597
SRAM,read,sram->psram,64.28,64.39,3816.6,36.4,5790
SRAM,write,idle,64.28,64.31,3821.4,0.0,5797
SRAM,write,sram->sram,64.28,66.62,3688.9,61.6,5598
SRAM,write,sram->psram,64.28,64.39,3816.9,36.4,5791
SRAM,copy,idle,64.33,64.36,3818.3,0.0,5793
SRAM,copy,sram->sram,64.33,68.86,3569.2,61.6,5417
SRAM,copy,sram->psram,64.33,64.71,3797.9,36.4,5762
SRAM,stride,idle,32.28,32.3,7609.1,0.0,11478
SRAM,stride,sram->sram,32.28,33.45,7347.0,61.6,11086
SRAM,stride,sram->psram,32.28,32.34,7600.0,36.4,11464
SRAM*,read,idle,64.56,64.59,3804.8,0.0,11479
SRAM*,read,sram->sram,64.56,69.53,3534.7,61.6,10672
SRAM*,read,sram->psram,64.56,67.14,3660.7,36.4,11048
PSRAM,read,idle,3937.32,3939.66,62.4,0.0,50
PSRAM,read,sram->sram,3936.09,3939.63,62.4,61.8,50
PSRAM,read,sram->psram,6653.34,6659.51,36.9,18.1,50
PSRAM,write,idle,6624.09,7004.95,35.1,0.0,50
PSRAM,write,sram->sram,6999.5,7012.48,35.0,61.7,50
PSRAM,write,sram->psram,9841.25,9853.27,24.9,12.3,50
PSRAM,copy,idle,5521.7,5527.51,44.5,0.0,50
PSRAM,copy,sram->sram,5518.21,5523.59,44.5,61.6,50
PSRAM,copy,sram->psram,8252.95,8260.34,29.8,14.7,50
PSRAM,stride,idle,3937.84,3943.13,62.3,0.0,50
PSRAM,stride,sram->sram,3935.98,3939.3,62.4,61.6,50
PSRAM,stride,sram->psram,6651.96,6657.85,36.9,18.0,50
